{
  "Author": "Hoc",
  "Name": "MoveMeXiv",
  "InternalName": "MoveMeXiv",
  "AssemblyVersion": "1.0.2.0",
  "Description": "A plugin that allows you to teleport, mount, and move your character to specific map coordinates. Supports direct position setting, aetheryte teleportation, mount management, and smooth coordinate-based movement.",
  "ApplicableVersion": "any",
  "Tags": [
    "movement",
    "teleport",
    "coordinates",
    "navigation",
    "mount"
  ],
  "DalamudApiLevel": 14,
  "LoadRequiredState": 0,
  "LoadSync": false,
  "CanUnloadAsync": false,
  "LoadPriority": 0,
  "Punchline": "Freely move your character to any coordinate on the map.",
  "AcceptsFeedback": true
}